{"cameraMode":{"drawMode":0,"name":"Shaded","section":"Shading Mode"},"sceneLighting":true,"audioPlay":false,"sceneViewState":{"m_AlwaysRefresh":false,"showFog":true,"showSkybox":true,"showFlares":true,"showImageEffects":true,"showParticleSystems":true,"showVisualEffectGraphs":true,"m_FxEnabled":true},"in2DMode":false,"pivot":{"x":-0.6549474596977234,"y":25.865999221801759,"z":-17.27849578857422},"rotation":{"x":-0.29606327414512637,"y":0.018321629613637925,"z":-0.005753273144364357,"w":-0.9550578594207764},"size":12.124356269836426,"orthographic":false}