{"cameraMode":{"drawMode":0,"name":"Shaded","section":"Shading Mode"},"sceneLighting":true,"audioPlay":false,"sceneViewState":{"m_AlwaysRefresh":false,"showFog":true,"showSkybox":true,"showFlares":true,"showImageEffects":true,"showParticleSystems":true,"showVisualEffectGraphs":true,"m_FxEnabled":true},"in2DMode":false,"pivot":{"x":0.10012552887201309,"y":1.2855254411697388,"z":60.70692825317383},"rotation":{"x":0.45466676354408266,"y":0.002040053019300103,"z":-0.0020994446240365507,"w":0.8909005522727966},"size":9.81249713897705,"orthographic":false}