{"cameraMode":{"drawMode":0,"name":"Shaded","section":"Shading Mode"},"sceneLighting":true,"audioPlay":false,"sceneViewState":{"m_AlwaysRefresh":false,"showFog":true,"showSkybox":true,"showFlares":true,"showImageEffects":true,"showParticleSystems":true,"showVisualEffectGraphs":true,"m_FxEnabled":true},"in2DMode":false,"pivot":{"x":0.4139387011528015,"y":0.7949419021606445,"z":-9.306557655334473},"rotation":{"x":-0.08334503322839737,"y":0.7867289781570435,"z":-0.10908063501119614,"w":-0.6019599437713623},"size":1.6759307384490967,"orthographic":false}